phenotype,marker,chr,pos,ci.low,ci.high,lod,p_pos,p_ci.low,p_ci.high,interval,threshold
Sr_seed,2_5430761,2,6,0,12.5,4.518052421872255,5.431,3.117,9.985,6.867999999999999,4.496
Cd_leaf,2_64908160,2,57.80311193,46,65.66997644,7.236723308105084,64.908,31.829,165.893,134.064,4.69
Cd_seed,2_73588220,2,58.91440599,53.20428791,62,7.755298945263405,73.588,55.845,144.708,88.863,4.97
As_seed,8_170569687,8,113.5,36.5,126,5.096306727516549,170.57,16.347,173.616,157.269,4.856
Ni_seed,9_4290807,9,2.5,0,4.5,11.996507034738926,4.291,2.486,5.321,2.8349999999999995,4.575
Na_leaf,9_134175873,9,64,57.5,71.5,6.258131167938728,134.176,118.966,139.231,20.265,4.865
Sr_seed,9_146412013,9,94.62873448,82.5,104,4.670904962083178,146.412,142.192,149.693,7.501000000000005,4.496
