phenotype,model,marker,chr,pos,ci.low,ci.high,lod,p_pos,p_ci.low,p_ci.high,interval,threshold
Cd_leaf,f,2_64908160,2,57.80311193,46.5,65.5,7.236723308105084,64.908,34.99,165.893,130.903,5.121
Cd_leaf,i,2_192025993,2,91.5178764,73,102.5,3.054238881944599,192.026,182.624,213.828,31.204000000000008,2.662
Cd_seed,f,2_73588220,2,58.91440599,54,59.5,7.755298945263405,73.588,57.558,81.073,23.514999999999993,5.414
Cd_seed,i,2_192025993,2,91,80,96.5,3.434641252041274,192.026,187.088,206.787,19.699000000000012,3.072
