phenotype,marker,chr,pos,ci.low,ci.high,lod,p_pos,p_ci.low,p_ci.high,interval,threshold
Mg_seed,1_224145093,1,126.6591357,122,128.141051,3.5311022457633214,224.145,217.658,229.912,12.254000000000019,3.468
Mo_leaf,3_148009069,3,56.856353,47.12180175,68,3.567470554174694,148.009,43.475,164.567,121.09200000000001,3.557
Sr_seed,5_33844024,5,54.36609528,46.5,72.5,3.6436807527770623,33.844,22.827,167.822,144.995,3.552
K_seed,6_165686243,6,107.5,99.5,110.7469788,3.511878537261424,165.686,160.805,165.686,4.881,3.448
Na_leaf,9_136646491,9,68.5,50.14597499,79.5,3.6616550359697015,136.646,34.991,140.188,105.19699999999999,3.502
Ni_seed,9_150518204,9,113,0,118.0826664,3.827287800316597,150.518,2.486,153.187,150.70100000000002,3.698
