phenotype,marker,chr,pos,ci.low,ci.high,lod,p_pos,p_ci.low,p_ci.high,interval,threshold
Mg_seed,1_224145093,1,126.6591357,88,130.5,3.5311022457633214,224.145,112.415,234.374,121.95899999999999,3.468
Mo_leaf,3_148009069,3,56.856353,47.4921789,65.5,3.567470554174694,148.009,45.238,160.121,114.88300000000001,3.557
Sr_seed,5_33844024,5,54.36609528,46,76.5,3.6436807527770623,33.844,18.393,172.855,154.462,3.552
K_seed,6_165686243,6,107.5,103.5,110.7469788,3.511878537261424,165.686,162.84,165.686,2.8460000000000036,3.448
Na_leaf,9_136646491,9,68.5,58,76,3.6616550359697015,136.646,118.966,140.188,21.221999999999994,3.502
Ni_seed,9_150518204,9,113,0,118.0826664,3.827287800316597,150.518,2.486,153.187,150.70100000000002,3.698
